000.mp4,001.mp4,002.mp4,003.mp4,004.mp4,005.mp4,006.mp4,007.mp4,008.mp4,009.mp4,010.mp4,011.mp4,012.mp4,013.mp4,014.mp4,015.mp4,016.mp4,017.mp4,018.mp4,019.mp4,020.mp4,021.mp4,022.mp4,023.mp4,024.mp4,025.mp4,026.mp4,027.mp4,028.mp4,029.mp4,030.mp4
0,28,32,40,34,36,36,32,32,34,28,36,30,30,32,24,34,36,34,34,34,38,34,36,24,36,40,30,30,26,30
32,4,36,32,30,26,32,36,28,36,32,34,36,30,34,40,30,34,30,32,32,32,36,34,26,36,34,34,40,38,30
32,38,0,34,38,26,22,32,34,30,36,26,24,38,34,30,38,30,32,30,28,28,34,22,34,32,28,30,36,24,32
38,28,36,2,38,34,36,30,36,26,32,34,34,34,30,36,28,28,32,32,34,36,34,30,28,28,26,30,40,32,28
36,30,38,36,2,34,36,40,32,28,30,30,34,28,36,36,32,36,40,32,30,32,34,32,30,22,38,34,34,36,36
34,30,34,42,30,20,36,38,30,30,30,36,30,30,30,34,30,38,40,40,34,32,26,34,38,34,28,34,30,38,28
38,34,20,34,38,30,2,36,30,30,34,30,26,40,34,32,38,30,32,24,24,32,32,30,38,36,28,30,32,28,28
32,38,32,30,40,36,38,2,28,34,38,32,32,32,26,30,28,28,22,28,36,26,28,34,28,34,24,30,22,22,34
34,30,34,38,30,36,30,26,2,32,36,34,40,28,34,26,38,30,30,34,24,32,36,34,28,32,34,30,36,36,24
34,34,30,28,28,38,30,32,32,0,26,28,32,36,34,36,34,32,34,36,36,38,30,28,32,30,28,38,28,30,26
28,30,36,32,26,32,34,36,34,26,2,30,34,28,22,30,34,40,38,28,30,28,32,38,30,30,36,26,34,32,26
36,34,26,32,28,34,30,30,34,28,30,0,34,38,32,38,36,36,24,32,38,26,24,36,30,38,42,36,30,34,36
30,36,24,34,34,28,28,32,40,32,34,34,0,44,34,26,32,26,34,28,28,34,34,38,38,28,28,30,28,34,32
30,30,38,34,28,30,42,32,26,36,26,38,44,0,30,36,32,36,30,38,32,32,34,32,26,32,38,38,36,34,34
32,34,34,30,34,28,36,28,32,34,24,32,34,30,0,30,28,30,34,30,30,30,32,34,28,36,26,34,28,28,26
26,40,28,36,36,34,30,28,26,36,32,36,28,36,28,2,40,26,32,22,26,32,32,34,26,32,28,28,34,22,28
38,34,42,28,34,32,36,26,36,28,36,30,30,36,32,36,16,32,30,32,38,30,24,34,34,38,32,32,20,34,36
36,34,30,32,38,32,30,32,30,30,38,34,28,36,32,24,30,2,22,32,28,36,34,32,36,36,30,32,28,34,34
34,28,34,32,38,30,34,24,32,34,38,22,36,30,32,36,34,24,2,34,40,26,34,32,34,40,36,38,32,32,32
32,32,34,28,28,28,26,30,42,34,32,28,26,38,32,30,36,36,32,8,22,38,28,34,28,28,28,32,28,28,34
32,36,26,36,32,28,26,38,26,34,30,38,30,30,30,26,34,30,38,20,2,36,40,26,32,20,24,24,34,30,28
38,36,28,34,30,28,34,28,32,38,30,26,34,32,30,34,26,36,28,36,34,0,34,32,36,28,30,26,32,30,32
34,34,34,32,36,30,34,26,36,30,32,24,34,34,32,34,30,36,34,30,40,34,0,38,34,38,32,34,28,34,40
34,34,20,30,34,26,28,38,36,30,34,36,36,34,34,32,32,32,34,32,26,32,40,2,34,28,20,40,34,28,26
24,28,32,32,32,28,32,28,28,34,32,32,36,28,30,28,36,38,32,28,30,38,34,30,8,36,32,34,34,28,30
36,38,34,30,22,36,38,34,30,30,32,36,30,30,38,34,32,38,38,34,22,28,36,30,36,2,26,26,36,36,34
40,38,28,24,38,28,32,28,38,26,36,40,30,38,24,30,26,28,34,32,26,28,32,20,36,22,2,34,32,30,30
32,34,26,30,34,28,32,30,40,40,28,26,34,36,32,36,28,34,34,24,28,28,26,36,30,34,34,10,30,32,40
28,34,30,30,32,32,28,30,36,24,36,32,30,36,32,30,28,26,32,32,32,32,36,28,28,36,28,28,16,26,28
26,34,26,32,34,34,26,24,34,30,32,36,34,34,30,24,36,34,30,30,30,30,36,26,26,32,30,32,32,2,26
30,30,34,32,34,34,28,34,22,26,28,36,32,36,26,26,40,32,28,30,28,32,40,26,32,32,28,34,26,30,2
